cNPDB ID,category,acknowledged_by,date,reason
9001,missing_DOI,placeholder,2026-07-15,"EXAMPLE ROW - shows the format; ID 9001 does not exist, so this clears nothing"
9002,missing_OS,placeholder,2026-07-15,EXAMPLE ROW - illustrative only; delete when you record real acknowledgements
1376,inline_modification_in_Sequence,acknowledged via Actions by laurenfields,2026-07-15,reviewed and accepted
1377,inline_modification_in_Sequence,acknowledged via Actions by laurenfields,2026-07-15,reviewed and accepted
1378,inline_modification_in_Sequence,acknowledged via Actions by laurenfields,2026-07-15,reviewed and accepted
20,mass_discrepancy,acknowledged via Actions by laurenfields,2026-07-15,reviewed and accepted
141,mass_discrepancy,acknowledged via Actions by laurenfields,2026-07-15,reviewed and accepted
161,mass_discrepancy,acknowledged via Actions by laurenfields,2026-07-15,reviewed and accepted
162,mass_discrepancy,acknowledged via Actions by laurenfields,2026-07-15,reviewed and accepted
174,mass_discrepancy,acknowledged via Actions by laurenfields,2026-07-15,reviewed and accepted
176,mass_discrepancy,acknowledged via Actions by laurenfields,2026-07-15,reviewed and accepted
178,mass_discrepancy,acknowledged via Actions by laurenfields,2026-07-15,reviewed and accepted
179,mass_discrepancy,acknowledged via Actions by laurenfields,2026-07-15,reviewed and accepted
187,mass_discrepancy,acknowledged via Actions by laurenfields,2026-07-15,reviewed and accepted
192,mass_discrepancy,acknowledged via Actions by laurenfields,2026-07-15,reviewed and accepted
196,mass_discrepancy,acknowledged via Actions by laurenfields,2026-07-15,reviewed and accepted
237,mass_discrepancy,acknowledged via Actions by laurenfields,2026-07-15,reviewed and accepted
242,mass_discrepancy,acknowledged via Actions by laurenfields,2026-07-15,reviewed and accepted
246,mass_discrepancy,acknowledged via Actions by laurenfields,2026-07-15,reviewed and accepted
248,mass_discrepancy,acknowledged via Actions by laurenfields,2026-07-15,reviewed and accepted
253,mass_discrepancy,acknowledged via Actions by laurenfields,2026-07-15,reviewed and accepted
255,mass_discrepancy,acknowledged via Actions by laurenfields,2026-07-15,reviewed and accepted
265,mass_discrepancy,acknowledged via Actions by laurenfields,2026-07-15,reviewed and accepted
266,mass_discrepancy,acknowledged via Actions by laurenfields,2026-07-15,reviewed and accepted
272,mass_discrepancy,acknowledged via Actions by laurenfields,2026-07-15,reviewed and accepted
277,mass_discrepancy,acknowledged via Actions by laurenfields,2026-07-15,reviewed and accepted
280,mass_discrepancy,acknowledged via Actions by laurenfields,2026-07-15,reviewed and accepted
283,mass_discrepancy,acknowledged via Actions by laurenfields,2026-07-15,reviewed and accepted
286,mass_discrepancy,acknowledged via Actions by laurenfields,2026-07-15,reviewed and accepted
287,mass_discrepancy,acknowledged via Actions by laurenfields,2026-07-15,reviewed and accepted
289,mass_discrepancy,acknowledged via Actions by laurenfields,2026-07-15,reviewed and accepted
292,mass_discrepancy,acknowledged via Actions by laurenfields,2026-07-15,reviewed and accepted
296,mass_discrepancy,acknowledged via Actions by laurenfields,2026-07-15,reviewed and accepted
297,mass_discrepancy,acknowledged via Actions by laurenfields,2026-07-15,reviewed and accepted
301,mass_discrepancy,acknowledged via Actions by laurenfields,2026-07-15,reviewed and accepted
302,mass_discrepancy,acknowledged via Actions by laurenfields,2026-07-15,reviewed and accepted
303,mass_discrepancy,acknowledged via Actions by laurenfields,2026-07-15,reviewed and accepted
305,mass_discrepancy,acknowledged via Actions by laurenfields,2026-07-15,reviewed and accepted
307,mass_discrepancy,acknowledged via Actions by laurenfields,2026-07-15,reviewed and accepted
308,mass_discrepancy,acknowledged via Actions by laurenfields,2026-07-15,reviewed and accepted
309,mass_discrepancy,acknowledged via Actions by laurenfields,2026-07-15,reviewed and accepted
312,mass_discrepancy,acknowledged via Actions by laurenfields,2026-07-15,reviewed and accepted
315,mass_discrepancy,acknowledged via Actions by laurenfields,2026-07-15,reviewed and accepted
316,mass_discrepancy,acknowledged via Actions by laurenfields,2026-07-15,reviewed and accepted
317,mass_discrepancy,acknowledged via Actions by laurenfields,2026-07-15,reviewed and accepted
318,mass_discrepancy,acknowledged via Actions by laurenfields,2026-07-15,reviewed and accepted
321,mass_discrepancy,acknowledged via Actions by laurenfields,2026-07-15,reviewed and accepted
323,mass_discrepancy,acknowledged via Actions by laurenfields,2026-07-15,reviewed and accepted
324,mass_discrepancy,acknowledged via Actions by laurenfields,2026-07-15,reviewed and accepted
325,mass_discrepancy,acknowledged via Actions by laurenfields,2026-07-15,reviewed and accepted
326,mass_discrepancy,acknowledged via Actions by laurenfields,2026-07-15,reviewed and accepted
328,mass_discrepancy,acknowledged via Actions by laurenfields,2026-07-15,reviewed and accepted
329,mass_discrepancy,acknowledged via Actions by laurenfields,2026-07-15,reviewed and accepted
330,mass_discrepancy,acknowledged via Actions by laurenfields,2026-07-15,reviewed and accepted
331,mass_discrepancy,acknowledged via Actions by laurenfields,2026-07-15,reviewed and accepted
332,mass_discrepancy,acknowledged via Actions by laurenfields,2026-07-15,reviewed and accepted
333,mass_discrepancy,acknowledged via Actions by laurenfields,2026-07-15,reviewed and accepted
334,mass_discrepancy,acknowledged via Actions by laurenfields,2026-07-15,reviewed and accepted
336,mass_discrepancy,acknowledged via Actions by laurenfields,2026-07-15,reviewed and accepted
337,mass_discrepancy,acknowledged via Actions by laurenfields,2026-07-15,reviewed and accepted
338,mass_discrepancy,acknowledged via Actions by laurenfields,2026-07-15,reviewed and accepted
339,mass_discrepancy,acknowledged via Actions by laurenfields,2026-07-15,reviewed and accepted
340,mass_discrepancy,acknowledged via Actions by laurenfields,2026-07-15,reviewed and accepted
342,mass_discrepancy,acknowledged via Actions by laurenfields,2026-07-15,reviewed and accepted
343,mass_discrepancy,acknowledged via Actions by laurenfields,2026-07-15,reviewed and accepted
344,mass_discrepancy,acknowledged via Actions by laurenfields,2026-07-15,reviewed and accepted
346,mass_discrepancy,acknowledged via Actions by laurenfields,2026-07-15,reviewed and accepted
347,mass_discrepancy,acknowledged via Actions by laurenfields,2026-07-15,reviewed and accepted
351,mass_discrepancy,acknowledged via Actions by laurenfields,2026-07-15,reviewed and accepted
352,mass_discrepancy,acknowledged via Actions by laurenfields,2026-07-15,reviewed and accepted
353,mass_discrepancy,acknowledged via Actions by laurenfields,2026-07-15,reviewed and accepted
354,mass_discrepancy,acknowledged via Actions by laurenfields,2026-07-15,reviewed and accepted
355,mass_discrepancy,acknowledged via Actions by laurenfields,2026-07-15,reviewed and accepted
435,mass_discrepancy,acknowledged via Actions by laurenfields,2026-07-15,reviewed and accepted
445,mass_discrepancy,acknowledged via Actions by laurenfields,2026-07-15,reviewed and accepted
491,mass_discrepancy,acknowledged via Actions by laurenfields,2026-07-15,reviewed and accepted
504,mass_discrepancy,acknowledged via Actions by laurenfields,2026-07-15,reviewed and accepted
513,mass_discrepancy,acknowledged via Actions by laurenfields,2026-07-15,reviewed and accepted
518,mass_discrepancy,acknowledged via Actions by laurenfields,2026-07-15,reviewed and accepted
533,mass_discrepancy,acknowledged via Actions by laurenfields,2026-07-15,reviewed and accepted
537,mass_discrepancy,acknowledged via Actions by laurenfields,2026-07-15,reviewed and accepted
540,mass_discrepancy,acknowledged via Actions by laurenfields,2026-07-15,reviewed and accepted
542,mass_discrepancy,acknowledged via Actions by laurenfields,2026-07-15,reviewed and accepted
549,mass_discrepancy,acknowledged via Actions by laurenfields,2026-07-15,reviewed and accepted
560,mass_discrepancy,acknowledged via Actions by laurenfields,2026-07-15,reviewed and accepted
566,mass_discrepancy,acknowledged via Actions by laurenfields,2026-07-15,reviewed and accepted
574,mass_discrepancy,acknowledged via Actions by laurenfields,2026-07-15,reviewed and accepted
579,mass_discrepancy,acknowledged via Actions by laurenfields,2026-07-15,reviewed and accepted
580,mass_discrepancy,acknowledged via Actions by laurenfields,2026-07-15,reviewed and accepted
582,mass_discrepancy,acknowledged via Actions by laurenfields,2026-07-15,reviewed and accepted
585,mass_discrepancy,acknowledged via Actions by laurenfields,2026-07-15,reviewed and accepted
590,mass_discrepancy,acknowledged via Actions by laurenfields,2026-07-15,reviewed and accepted
591,mass_discrepancy,acknowledged via Actions by laurenfields,2026-07-15,reviewed and accepted
593,mass_discrepancy,acknowledged via Actions by laurenfields,2026-07-15,reviewed and accepted
594,mass_discrepancy,acknowledged via Actions by laurenfields,2026-07-15,reviewed and accepted
597,mass_discrepancy,acknowledged via Actions by laurenfields,2026-07-15,reviewed and accepted
598,mass_discrepancy,acknowledged via Actions by laurenfields,2026-07-15,reviewed and accepted
600,mass_discrepancy,acknowledged via Actions by laurenfields,2026-07-15,reviewed and accepted
604,mass_discrepancy,acknowledged via Actions by laurenfields,2026-07-15,reviewed and accepted
608,mass_discrepancy,acknowledged via Actions by laurenfields,2026-07-15,reviewed and accepted
625,mass_discrepancy,acknowledged via Actions by laurenfields,2026-07-15,reviewed and accepted
628,mass_discrepancy,acknowledged via Actions by laurenfields,2026-07-15,reviewed and accepted
634,mass_discrepancy,acknowledged via Actions by laurenfields,2026-07-15,reviewed and accepted
635,mass_discrepancy,acknowledged via Actions by laurenfields,2026-07-15,reviewed and accepted
636,mass_discrepancy,acknowledged via Actions by laurenfields,2026-07-15,reviewed and accepted
637,mass_discrepancy,acknowledged via Actions by laurenfields,2026-07-15,reviewed and accepted
652,mass_discrepancy,acknowledged via Actions by laurenfields,2026-07-15,reviewed and accepted
681,mass_discrepancy,acknowledged via Actions by laurenfields,2026-07-15,reviewed and accepted
846,mass_discrepancy,acknowledged via Actions by laurenfields,2026-07-15,reviewed and accepted
847,mass_discrepancy,acknowledged via Actions by laurenfields,2026-07-15,reviewed and accepted
848,mass_discrepancy,acknowledged via Actions by laurenfields,2026-07-15,reviewed and accepted
849,mass_discrepancy,acknowledged via Actions by laurenfields,2026-07-15,reviewed and accepted
850,mass_discrepancy,acknowledged via Actions by laurenfields,2026-07-15,reviewed and accepted
851,mass_discrepancy,acknowledged via Actions by laurenfields,2026-07-15,reviewed and accepted
852,mass_discrepancy,acknowledged via Actions by laurenfields,2026-07-15,reviewed and accepted
853,mass_discrepancy,acknowledged via Actions by laurenfields,2026-07-15,reviewed and accepted
854,mass_discrepancy,acknowledged via Actions by laurenfields,2026-07-15,reviewed and accepted
892,mass_discrepancy,acknowledged via Actions by laurenfields,2026-07-15,reviewed and accepted
939,mass_discrepancy,acknowledged via Actions by laurenfields,2026-07-15,reviewed and accepted
941,mass_discrepancy,acknowledged via Actions by laurenfields,2026-07-15,reviewed and accepted
977,mass_discrepancy,acknowledged via Actions by laurenfields,2026-07-15,reviewed and accepted
978,mass_discrepancy,acknowledged via Actions by laurenfields,2026-07-15,reviewed and accepted
1162,mass_discrepancy,acknowledged via Actions by laurenfields,2026-07-15,reviewed and accepted
1241,mass_discrepancy,acknowledged via Actions by laurenfields,2026-07-15,reviewed and accepted
1271,mass_discrepancy,acknowledged via Actions by laurenfields,2026-07-15,reviewed and accepted
1276,mass_discrepancy,acknowledged via Actions by laurenfields,2026-07-15,reviewed and accepted
1290,mass_discrepancy,acknowledged via Actions by laurenfields,2026-07-15,reviewed and accepted
1344,mass_discrepancy,acknowledged via Actions by laurenfields,2026-07-15,reviewed and accepted
1372,mass_discrepancy,acknowledged via Actions by laurenfields,2026-07-15,reviewed and accepted
1411,mass_discrepancy,acknowledged via Actions by laurenfields,2026-07-15,reviewed and accepted
1420,mass_discrepancy,acknowledged via Actions by laurenfields,2026-07-15,reviewed and accepted
1447,mass_discrepancy,acknowledged via Actions by laurenfields,2026-07-15,reviewed and accepted
1475,mass_discrepancy,acknowledged via Actions by laurenfields,2026-07-15,reviewed and accepted
1495,mass_discrepancy,acknowledged via Actions by laurenfields,2026-07-15,reviewed and accepted
1501,mass_discrepancy,acknowledged via Actions by laurenfields,2026-07-15,reviewed and accepted
13,missing_OS,acknowledged via Actions by laurenfields,2026-07-15,reviewed and accepted
23,missing_OS,acknowledged via Actions by laurenfields,2026-07-15,reviewed and accepted
31,missing_OS,acknowledged via Actions by laurenfields,2026-07-15,reviewed and accepted
32,missing_OS,acknowledged via Actions by laurenfields,2026-07-15,reviewed and accepted
40,missing_OS,acknowledged via Actions by laurenfields,2026-07-15,reviewed and accepted
47,missing_OS,acknowledged via Actions by laurenfields,2026-07-15,reviewed and accepted
50,missing_OS,acknowledged via Actions by laurenfields,2026-07-15,reviewed and accepted
54,missing_OS,acknowledged via Actions by laurenfields,2026-07-15,reviewed and accepted
60,missing_OS,acknowledged via Actions by laurenfields,2026-07-15,reviewed and accepted
64,missing_OS,acknowledged via Actions by laurenfields,2026-07-15,reviewed and accepted
65,missing_OS,acknowledged via Actions by laurenfields,2026-07-15,reviewed and accepted
68,missing_OS,acknowledged via Actions by laurenfields,2026-07-15,reviewed and accepted
70,missing_OS,acknowledged via Actions by laurenfields,2026-07-15,reviewed and accepted
74,missing_OS,acknowledged via Actions by laurenfields,2026-07-15,reviewed and accepted
80,missing_OS,acknowledged via Actions by laurenfields,2026-07-15,reviewed and accepted
81,missing_OS,acknowledged via Actions by laurenfields,2026-07-15,reviewed and accepted
82,missing_OS,acknowledged via Actions by laurenfields,2026-07-15,reviewed and accepted
85,missing_OS,acknowledged via Actions by laurenfields,2026-07-15,reviewed and accepted
86,missing_OS,acknowledged via Actions by laurenfields,2026-07-15,reviewed and accepted
90,missing_OS,acknowledged via Actions by laurenfields,2026-07-15,reviewed and accepted
100,missing_OS,acknowledged via Actions by laurenfields,2026-07-15,reviewed and accepted
103,missing_OS,acknowledged via Actions by laurenfields,2026-07-15,reviewed and accepted
109,missing_OS,acknowledged via Actions by laurenfields,2026-07-15,reviewed and accepted
115,missing_OS,acknowledged via Actions by laurenfields,2026-07-15,reviewed and accepted
116,missing_OS,acknowledged via Actions by laurenfields,2026-07-15,reviewed and accepted
117,missing_OS,acknowledged via Actions by laurenfields,2026-07-15,reviewed and accepted
121,missing_DOI,acknowledged via Actions by laurenfields,2026-07-15,reviewed and accepted
128,missing_OS,acknowledged via Actions by laurenfields,2026-07-15,reviewed and accepted
131,missing_OS,acknowledged via Actions by laurenfields,2026-07-15,reviewed and accepted
132,missing_OS,acknowledged via Actions by laurenfields,2026-07-15,reviewed and accepted
135,missing_OS,acknowledged via Actions by laurenfields,2026-07-15,reviewed and accepted
138,missing_OS,acknowledged via Actions by laurenfields,2026-07-15,reviewed and accepted
144,missing_OS,acknowledged via Actions by laurenfields,2026-07-15,reviewed and accepted
147,missing_OS,acknowledged via Actions by laurenfields,2026-07-15,reviewed and accepted
189,missing_OS,acknowledged via Actions by laurenfields,2026-07-15,reviewed and accepted
190,missing_OS,acknowledged via Actions by laurenfields,2026-07-15,reviewed and accepted
191,missing_OS,acknowledged via Actions by laurenfields,2026-07-15,reviewed and accepted
195,missing_OS,acknowledged via Actions by laurenfields,2026-07-15,reviewed and accepted
196,missing_OS,acknowledged via Actions by laurenfields,2026-07-15,reviewed and accepted
199,missing_OS,acknowledged via Actions by laurenfields,2026-07-15,reviewed and accepted
200,missing_OS,acknowledged via Actions by laurenfields,2026-07-15,reviewed and accepted
202,missing_OS,acknowledged via Actions by laurenfields,2026-07-15,reviewed and accepted
213,missing_OS,acknowledged via Actions by laurenfields,2026-07-15,reviewed and accepted
215,missing_OS,acknowledged via Actions by laurenfields,2026-07-15,reviewed and accepted
216,missing_OS,acknowledged via Actions by laurenfields,2026-07-15,reviewed and accepted
274,missing_OS,acknowledged via Actions by laurenfields,2026-07-15,reviewed and accepted
278,missing_OS,acknowledged via Actions by laurenfields,2026-07-15,reviewed and accepted
350,missing_DOI,acknowledged via Actions by laurenfields,2026-07-15,reviewed and accepted
384,missing_OS,acknowledged via Actions by laurenfields,2026-07-15,reviewed and accepted
387,missing_OS,acknowledged via Actions by laurenfields,2026-07-15,reviewed and accepted
391,missing_OS,acknowledged via Actions by laurenfields,2026-07-15,reviewed and accepted
392,missing_OS,acknowledged via Actions by laurenfields,2026-07-15,reviewed and accepted
393,missing_OS,acknowledged via Actions by laurenfields,2026-07-15,reviewed and accepted
394,missing_OS,acknowledged via Actions by laurenfields,2026-07-15,reviewed and accepted
395,missing_OS,acknowledged via Actions by laurenfields,2026-07-15,reviewed and accepted
396,missing_OS,acknowledged via Actions by laurenfields,2026-07-15,reviewed and accepted
398,missing_OS,acknowledged via Actions by laurenfields,2026-07-15,reviewed and accepted
399,missing_OS,acknowledged via Actions by laurenfields,2026-07-15,reviewed and accepted
400,missing_OS,acknowledged via Actions by laurenfields,2026-07-15,reviewed and accepted
401,missing_OS,acknowledged via Actions by laurenfields,2026-07-15,reviewed and accepted
402,missing_OS,acknowledged via Actions by laurenfields,2026-07-15,reviewed and accepted
404,missing_OS,acknowledged via Actions by laurenfields,2026-07-15,reviewed and accepted
429,missing_OS,acknowledged via Actions by laurenfields,2026-07-15,reviewed and accepted
440,missing_OS,acknowledged via Actions by laurenfields,2026-07-15,reviewed and accepted
452,missing_OS,acknowledged via Actions by laurenfields,2026-07-15,reviewed and accepted
453,missing_OS,acknowledged via Actions by laurenfields,2026-07-15,reviewed and accepted
454,missing_OS,acknowledged via Actions by laurenfields,2026-07-15,reviewed and accepted
455,missing_OS,acknowledged via Actions by laurenfields,2026-07-15,reviewed and accepted
494,missing_OS,acknowledged via Actions by laurenfields,2026-07-15,reviewed and accepted
496,missing_OS,acknowledged via Actions by laurenfields,2026-07-15,reviewed and accepted
503,missing_OS,acknowledged via Actions by laurenfields,2026-07-15,reviewed and accepted
505,missing_OS,acknowledged via Actions by laurenfields,2026-07-15,reviewed and accepted
507,missing_OS,acknowledged via Actions by laurenfields,2026-07-15,reviewed and accepted
520,missing_OS,acknowledged via Actions by laurenfields,2026-07-15,reviewed and accepted
531,missing_OS,acknowledged via Actions by laurenfields,2026-07-15,reviewed and accepted
538,missing_OS,acknowledged via Actions by laurenfields,2026-07-15,reviewed and accepted
541,missing_OS,acknowledged via Actions by laurenfields,2026-07-15,reviewed and accepted
564,missing_OS,acknowledged via Actions by laurenfields,2026-07-15,reviewed and accepted
569,missing_OS,acknowledged via Actions by laurenfields,2026-07-15,reviewed and accepted
575,missing_OS,acknowledged via Actions by laurenfields,2026-07-15,reviewed and accepted
586,missing_OS,acknowledged via Actions by laurenfields,2026-07-15,reviewed and accepted
588,missing_OS,acknowledged via Actions by laurenfields,2026-07-15,reviewed and accepted
589,missing_OS,acknowledged via Actions by laurenfields,2026-07-15,reviewed and accepted
592,missing_OS,acknowledged via Actions by laurenfields,2026-07-15,reviewed and accepted
602,missing_OS,acknowledged via Actions by laurenfields,2026-07-15,reviewed and accepted
607,missing_OS,acknowledged via Actions by laurenfields,2026-07-15,reviewed and accepted
611,missing_OS,acknowledged via Actions by laurenfields,2026-07-15,reviewed and accepted
613,missing_OS,acknowledged via Actions by laurenfields,2026-07-15,reviewed and accepted
616,missing_OS,acknowledged via Actions by laurenfields,2026-07-15,reviewed and accepted
632,missing_OS,acknowledged via Actions by laurenfields,2026-07-15,reviewed and accepted
641,missing_OS,acknowledged via Actions by laurenfields,2026-07-15,reviewed and accepted
642,missing_OS,acknowledged via Actions by laurenfields,2026-07-15,reviewed and accepted
699,missing_OS,acknowledged via Actions by laurenfields,2026-07-15,reviewed and accepted
749,missing_OS,acknowledged via Actions by laurenfields,2026-07-15,reviewed and accepted
752,missing_OS,acknowledged via Actions by laurenfields,2026-07-15,reviewed and accepted
753,missing_OS,acknowledged via Actions by laurenfields,2026-07-15,reviewed and accepted
754,missing_OS,acknowledged via Actions by laurenfields,2026-07-15,reviewed and accepted
755,missing_OS,acknowledged via Actions by laurenfields,2026-07-15,reviewed and accepted
756,missing_OS,acknowledged via Actions by laurenfields,2026-07-15,reviewed and accepted
757,missing_OS,acknowledged via Actions by laurenfields,2026-07-15,reviewed and accepted
758,missing_OS,acknowledged via Actions by laurenfields,2026-07-15,reviewed and accepted
759,missing_OS,acknowledged via Actions by laurenfields,2026-07-15,reviewed and accepted
760,missing_OS,acknowledged via Actions by laurenfields,2026-07-15,reviewed and accepted
761,missing_OS,acknowledged via Actions by laurenfields,2026-07-15,reviewed and accepted
762,missing_OS,acknowledged via Actions by laurenfields,2026-07-15,reviewed and accepted
763,missing_OS,acknowledged via Actions by laurenfields,2026-07-15,reviewed and accepted
764,missing_OS,acknowledged via Actions by laurenfields,2026-07-15,reviewed and accepted
765,missing_OS,acknowledged via Actions by laurenfields,2026-07-15,reviewed and accepted
766,missing_OS,acknowledged via Actions by laurenfields,2026-07-15,reviewed and accepted
767,missing_OS,acknowledged via Actions by laurenfields,2026-07-15,reviewed and accepted
768,missing_OS,acknowledged via Actions by laurenfields,2026-07-15,reviewed and accepted
769,missing_OS,acknowledged via Actions by laurenfields,2026-07-15,reviewed and accepted
770,missing_OS,acknowledged via Actions by laurenfields,2026-07-15,reviewed and accepted
771,missing_OS,acknowledged via Actions by laurenfields,2026-07-15,reviewed and accepted
772,missing_OS,acknowledged via Actions by laurenfields,2026-07-15,reviewed and accepted
773,missing_OS,acknowledged via Actions by laurenfields,2026-07-15,reviewed and accepted
774,missing_OS,acknowledged via Actions by laurenfields,2026-07-15,reviewed and accepted
